<?xml version="1.0" encoding="UTF-8"?>
<SS_Config>
  <ServerId>2001</ServerId>
  <ServerType>SS</ServerType>
  <Model>multilevel</Model>
  <BLS>NULL</BLS>
  <ListenInfo>10.7.9.60:9310</ListenInfo>
  <RTPListen>10.7.9.60</RTPListen>
  <BasePort>30000</BasePort>
  <EndPort>50000</EndPort>
  <RTPRecvBufSize>1024</RTPRecvBufSize>
  <RtpTransportProtocol>UDP</RtpTransportProtocol>
  <RTSPListenInfo>10.7.9.60:9320</RTSPListenInfo>
  <RtspDmzAddr>NULL</RtspDmzAddr>
  <DVRLoginExtension>disable</DVRLoginExtension>
  <!-- unit:minute-->
  <PacketTimeLen>30</PacketTimeLen>
  <Disk_Config>
    <Disk>
      <DiskId>DISKID_1</DiskId>
      <Root>D:\record</Root>
      <Sector_Config>
        <Sector>
          <Type>long</Type>
          <!--- unit MByte -->
          <Size>30</Size>
          <Space>3000</Space>
        </Sector>
        <Sector>
          <Type>short</Type>
          <Size>2</Size>
          <Space>1000</Space>
        </Sector>
      </Sector_Config>
    </Disk>
  </Disk_Config>
</SS_Config>